{
  "confusion_matrix": [
    [
      56848,
      16
    ],
    [
      16,
      82
    ]
  ],
  "roc_auc": 0.9778219496858958,
  "average_precision": 0.8657425517750078,
  "classification_report": {
    "normal": {
      "precision": 0.9998,
      "recall": 0.9992,
      "f1-score": 0.9995
    },
    "fraude": {
      "precision": 0.6356,
      "recall": 0.7653,
      "f1-score": 0.6944
    }
  },
  "feature_importances": {
    "Time": 0.009616415947675705,
    "V1": 0.015486957505345345,
    "V2": 0.006302600260823965,
    "V3": 0.016851624473929405,
    "V4": 0.06781809031963348,
    "V5": 0.00851523969322443,
    "V6": 0.012585176154971123,
    "V7": 0.020270226523280144,
    "V8": 0.028996193781495094,
    "V9": 0.008677639998495579,
    "V10": 0.01914289779961109,
    "V11": 0.01057707704603672,
    "V12": 0.04247724637389183,
    "V13": 0.018105439841747284,
    "V14": 0.5145251154899597,
    "V15": 0.01075019221752882,
    "V16": 0.007575626950711012,
    "V17": 0.0169307179749012,
    "V18": 0.01378258690237999,
    "V19": 0.009790390729904175,
    "V20": 0.019242770969867706,
    "V21": 0.010786589235067368,
    "V22": 0.016063246876001358,
    "V23": 0.007750418968498707,
    "V24": 0.008942998014390469,
    "V25": 0.0054515814408659935,
    "V26": 0.017690403386950493,
    "V27": 0.015540174208581448,
    "V28": 0.01785268448293209,
    "Amount": 0.021901655942201614
  }
}