{
  "mean": [
    94813.85957508067,
    88.34961925093134
  ],
  "scale": [
    47488.062585499334,
    250.1196701352354
  ]
}